{"source": "mt_de", "topic_id": "keep_retirement_at_63 (de)", "graph_id": "micro_b022", "text_type": "text2", "text": "Nein, das Rentenalter sollte wieder auf 65 Jahre erh\u00f6ht werden. Die Menschen werden im Durchschnitt \u00e4lter, sie sind damit aber im Durchschnitt nicht kr\u00e4nker und nicht d\u00fcmmer. Ohne sie w\u00fcrden wir auf ein gro\u00dfes Ma\u00df an gesammelten Erfahrungen verzichten. Au\u00dferdem m\u00fcssten mehr Besch\u00e4ftigungsangebote f\u00fcr die Senioren bereitgestellt werden.", "rating": 3}