{"source": "mt_de", "topic_id": "allow_shops_to_open_on_holidays_and_sundays (de)", "graph_id": "micro_k022", "text_type": "text1", "text": "Es ist ganz klar, dass der Sonntag ein Ruhetag bleiben soll. Denn man kann ja an 6 Tagen die Woche einkaufen, da die Gesch\u00e4fte an manchen Tagen bis 22 Uhr ge\u00f6ffnet haben. Somit sollte der Sonntag ein Tag des Beisammenseins der Familie sein, sonst wird sich eine neue Freizeitart bilden, in der die Menschen die Zeit in Superm\u00e4rkten anstatt drau\u00dfen oder beim gemeinsamen Gespr\u00e4chen usw. verbringen. Au\u00dferdem gibt es kein Bedarf f\u00fcr das Offenhalten der Gesch\u00e4fte an den Sonntagen.", "rating": 3}