{"source": "mt_de", "topic_id": "public_broadcasting_fees_on_demand (de)", "graph_id": "micro_k010", "text_type": "text1", "text": "Bei dem aktuellen Fernsehangebot ist es angemessen, nur diejenigen zur Zahlung zu verpflichten, die die Inhalte tats\u00e4chlich konsumieren (wollen). Da viele Sendungen, insbesondere in Primetime, haupts\u00e4chlich auf die \u00e4ltere Generation zugeschnitten sind, ist unklar, warum alle Zuschauer daf\u00fcr bezahlen sollten. Zudem ist Werbung inzwischen auf allen Kan\u00e4len pr\u00e4sent, was den Vorteil f\u00fcr die derzeit zahlenden Zuschauer \u00f6ffentlich-rechtlicher Sender relativiert. Ein Umstieg auf bedarfsgerechte Beitragszahlung w\u00fcrde wahrscheinlich zu einer Reduktion der \u00f6ffentlich-rechtlichen Sender f\u00fchren. Angesichts der Vielzahl an Sendern, die ohnehin h\u00e4ufig \u00e4hnliche Inhalte ausstrahlen, sollte dies jedoch kein wesentliches Problem darstellen.", "rating": 4}