{"source": "mt_de", "topic_id": "keep_retirement_at_63 (de)", "graph_id": "micro_b022", "text_type": "text1", "text": "Nein, das Rentenalter sollte wieder auf 65 Jahre erh\u00f6ht werden. Die stetig steigende Lebenserwartung f\u00fchrt zu einer \u00e4lter werdenden Gesellschaft, die jedoch nicht automatisch mit erh\u00f6hter Krankheit oder kognitiver Einschr\u00e4nkung einhergeht. Durch die Anhebung des Rentenalters k\u00f6nnen wir von der umfangreichen Erfahrung und Lebensweisheit \u00c4lterer profitieren. Zudem sollte dies Anreiz sein, mehr altersgerechte und attraktive Besch\u00e4ftigungsm\u00f6glichkeiten f\u00fcr Senioren zu schaffen, um deren aktive Teilhabe am gesellschaftlichen und wirtschaftlichen Leben zu f\u00f6rdern.", "rating": 5}