{"source": "mt_de", "topic_id": "make_video_games_olympic (de)", "graph_id": "micro_b058", "text_type": "text1", "text": "Videospiele, bei mir namentlich FIFA, k\u00f6nnen junge Menschen stundenlang, intensiver und emotionaler begeistern als jeder Sport der Welt! Es w\u00e4re richtig, sie auch zu einer olympischen Disziplin zu machen. Vielleicht ist es f\u00fcr einen Zuschauer weniger spannend, als f\u00fcr den Spieler selbst, aber auch f\u00fcr aktuelle olympische Disziplinen, ich erinnere mich zuletzt an Curling oder 50 km Ski-Langlauf, muss man mehr als ein Freak sein, sich das l\u00e4nger als in der Zusammenfassung reinzuziehen. Au\u00dferdem ist die H\u00fcrde, Videospiele olympisch zu machen minimal, braucht es ja nicht mal Dopingkontrollen, sondern nur eine neutrale Konsole. Und k\u00f6rperliche, geistige und insbesondere mentale F\u00e4higkeiten verlangt so manches Videospiel, wenn ich an das Finale des letzten Fifa-Turniers denke, mehr ab, als eine Kugel 20 Meter weit zu sto\u00dfen.", "rating": 3}