{"source": "mt_de", "topic_id": "public_broadcasting_fees_on_demand (de)", "graph_id": "micro_k010", "text_type": "text2", "text": "Bei dem, was heutzutage im Fernsehen l\u00e4uft, ist es angemessen, nur die Leute zahlen zu lassen, die die Beitr\u00e4ge auch wirklich verfolgen (wollen). Teilweise laufen nur Sendungen f\u00fcr die \u00e4ltere Generation zu Spielfilmzeiten, wieso sollten also alle daf\u00fcr zahlen? Werbung gibt es inzwischen auf allen Kan\u00e4len, also ergibt sich auch hierdurch kein Vorteil f\u00fcr die im Moment zahlenden Zuschauer der \u00d6ffentlich Rechtlichen Sender. Trotzdem muss man sagen, dass es dann wahrscheinlich viel weniger dieser Sender gibt, wenn nicht mehr ganz Deutschland zahlen muss. Das sollte allerdings bei der Masse an Sendungen und Sendern, die sowieso meistens das Gleiche zeigen, kein Problem sein.", "rating": 3}