{"source": "mt_de", "topic_id": "TXL_airport_remain_operational_after_BER_opening (de)", "graph_id": "micro_b044", "text_type": "text1", "text": "Berlin Tegel, mit seiner zentrumsnahen Lage, bietet besondere Vorz\u00fcge insbesondere f\u00fcr Gesch\u00e4ftsreisende und sollte daher unbedingt weiterbetrieben werden. Seine Bedeutung als Wirtschaftsfaktor ist unverkennbar. Gleichzeitig sollten die erheblichen negativen Auswirkungen des Flugverkehrs auf die Umwelt ber\u00fccksichtigt werden. Insbesondere der Flugl\u00e4rm, der die Anwohner in Tegel seit Jahrzehnten belastet, muss in die Abw\u00e4gung einbezogen werden. Um eine ausgewogene Entscheidung zu treffen, sollten die Vorteile der Erhaltung des Flughafens gegen die Notwendigkeit der Reduzierung von Umweltbelastungen und L\u00e4rmschutzma\u00dfnahmen abgewogen werden.", "rating": 5}