{"source": "mt_de", "topic_id": "charge_tuition_fees (de)", "graph_id": "micro_b021", "text_type": "text2", "text": "In Deutschland sollten keine Studiengeb\u00fchren erhoben werden, da Bildung als Grundrecht f\u00fcr alle Menschen gelten sollte. Die Einf\u00fchrung von Studiengeb\u00fchren f\u00fchrt in der Regel zu einer Verl\u00e4ngerung der Studienzeiten, was wiederum zu erh\u00f6hten Lebensunterhaltskosten und potenziell h\u00f6heren Studienschulden f\u00fcr die Studierenden f\u00fchrt.", "rating": 4}