{"source": "mt_en", "topic_id": "EU_influence_on_political_events_in_Ukraine (en)", "graph_id": "micro_b056", "text_type": "text2", "text": "\nA violation of international law warrants a swift response, lest we repeat history's mistakes of delayed intervention, often culminating in devastating conflict. In a democratic society, the populace should ideally self-determine their fate, free from the sway of propaganda, corruption, and military coercion. Given Russia's heavily influential propaganda and corruption, alongside its dominant gas and oil industries, the EU has a compelling rationale to intervene promptly, upholding democratic principles and international law, while preventing potential escalation. ", "rating": 4}