{"source": "mt_en", "topic_id": "allow_shops_to_open_on_holidays_and_sundays (en)", "graph_id": "micro_b060", "text_type": "text1", "text": "Allowing shops to open on holidays and Sundays could be a double-edged sword for retailers. While owner-run shops might face increased operational burdens, the dominant market presence of supermarkets and large shopping centers could mitigate this concern. Conversely, smaller shops might thrive with the added flexibility, as they could cater to more relaxed Sunday customers, potentially leading to mutual benefits for both local businesses and consumers, who would enjoy enhanced convenience and a more leisurely shopping experience on these days. ", "rating": 4}