{"source": "mt_en", "topic_id": "cap_rent_increases (en)", "graph_id": "micro_b009", "text_type": "text2", "text": "It is unfair and unjustifiable to impose significantly higher rents on new tenants compared to previous residents. While landlords understandably incur costs for pre-lease repairs, these expenses could be more equitably distributed through a modest, incremental rent increase over the lease's duration. Moreover, to maintain an adequate profit margin, there's no inherent necessity to raise the rental rate with every new lease, suggesting that more gradual adjustments would be a fairer approach.", "rating": 4}