{"source": "mt_en", "topic_id": "public_broadcasting_fees_on_demand (en)", "graph_id": "micro_k027", "text_type": "text1", "text": "The TV license fee should only be collected from those who actually make use of the programming of the public broadcasters. After all there are many people in Germany who pay the fee although they merely use a computer to work. Yet the fees are demanded from everybody who does not apply for a waiver, no matter how many receiver devices actually exist in the household and how they are being used. However it is obvious that the license fee officers are not in a position to check the usage of every single device.", "rating": 3}