{"source": "mt_en", "topic_id": "health_insurance_cover_complementary_medicine (en)", "graph_id": "micro_b003", "text_type": "text2", "text": "Health insurance companies should not cover complementary medicine treatments unless robust, empirical evidence substantiates their claimed effects and medical benefits. Since such proof is predominantly absent, prioritizing evidence-based therapies is prudent. Although patients often report symptom alleviation post-treatment, the unknown mechanisms underlying these outcomes necessitate allocating funds to therapies with established efficacy, ensuring optimal resource utilization and patient outcomes.", "rating": 4}