{"source": "rev1", "topic_id": "Self-driving cars", "graph_id": "draft1_2018argrewrite_72.txt", "text_type": "text2", "text": "\n\nThe advent of self-driving cars is no longer a distant prospect, but a present reality, with Google and various manufacturing and software companies at the forefront. As with any innovative technology, societal impact and potential benefits are being weighed. However, the advantages of widespread adoption of self-driving cars significantly outweigh the associated concerns.\n\nCommon apprehensions surrounding self-driving cars stem from reliance on machines. One worry is that humans might forget how to drive in the event of a crisis or emergency if they never have to drive again. Additionally, fears of software malfunctions leading to accidents, as well as concerns over data privacy and potential theft, given the vast amount of personal information these systems could store, are also prevalent. This skepticism towards machines is natural, especially when it comes to entrusting one's life.\n\nDespite these valid concerns, they should not hinder the progress of these groundbreaking inventions. The benefits of self-driving cars are numerous, with the most significant perhaps being the gift of time. Fully automated, these vehicles could integrate with other cars to create a nearly flawless traffic system, enabling safe tailgating, high-speed travel, and enhanced pedestrian detection. Embracing this system would make society function more efficiently, safely, and quickly. Commute times would decrease, city driving would be simplified with autonomous parking, and users would save considerable time. This saved time could then be allocated to connecting with loved ones, eating, reading, watching TV, or even sleeping during commutes. Given these advantages, self-driving cars might offer a safer and more efficient alternative to public transportation. Interestingly, individuals who trust airplanes, trains, subways, and motorized scooters should, in principle, be open to self-driving cars. The future is here, and it's imperative to establish a precedent, allowing for the improvement of moral dilemmas and technical issues over time. It's time to give self-driving cars a chance.@\n\n**Improvement Explanation:**\n\n1. **Simplified Sentence Structure**: Long sentences were broken down for easier comprehension.\n2. **Enhanced Clarity**: Rephrased certain sections for better clarity and flow.\n3. **Added Transitions**: Incorporated transitional phrases to connect ideas between paragraphs smoothly.\n4. **Emphasized Key Points**: Highlighted the main advantages and concerns for clearer understanding.\n5. **Maintained Original Message**: Ensured the improved argument conveys the same message as the original, with enhanced presentation.\n6. **Minor Grammar and Spelling Corrections**: Addressed any grammatical or spelling errors found in the original text.", "rating": 4}