{"source": "rev1", "topic_id": "Self-driving cars", "graph_id": "draft1_2018argrewrite_52.txt", "text_type": "text1", "text": "\nAccording to the U.S. Department of Transportation, a staggering 81% of vehicular accidents are attributed to human error, sparking debate about whether self-driving technology can mitigate this risk and potentially save countless lives. To inform this discussion, it's essential to weigh the pros and cons of self-driving vehicles and their potential impact on society.\n\n**Primary Benefits:**\n1. **Enhanced Road Safety**: Self-driving technology significantly reduces the risk of accidents caused by human error, leading to decreased expenditures for public institutions, such as healthcare and insurance companies. This, in turn, allows public safety officials and law enforcement to focus on more severe crimes, fostering safer community environments. Additionally, passengers can utilize travel time more productively.\n\n**Counterarguments and Concerns:**\n1. **Accessibility and Affordability**: The time and cost associated with educating the public on this technology, coupled with the high manufacturing costs, render it inaccessible to many, including middle-class citizens. This limited adoption ensures that human-error accidents will persist.\n2. **Risk of Technological Failure**: The potential for system failures poses a risk to other road users, questioning whether the convenience outweighs the dangers. Moreover, the promotion of self-driving technology may inadvertently encourage laziness, erode human interaction, and diminish personal accountability among drivers.\n\n**Conclusion:**\nUpon careful consideration, self-driving vehicles appear to introduce more uncertainty than promise for the future of society. While initial time and monetary savings are possible, the long-term viability and societal benefits of this technology are less clear. As you reflect on this, ponder whether entrusting your life and the lives of your loved ones to technology aligns with your values and comfort level. ", "rating": 4}