{"source": "rev1", "topic_id": "Self-driving cars", "graph_id": "draft1_2018argrewrite_53.txt", "text_type": "text2", "text": "\n\nAs society continues to advance, the debate around self-driving cars has gained significant attention. While still in their infancy, self-driving cars present both potential benefits and drawbacks for future adoption. \n\n**Advantages:**\n\n1. **Enhanced Road Safety**: Self-driving cars can minimize motor vehicle accidents due to their inability to become distracted. Sophisticated algorithms enable precise control over stopping distances and vehicle proximity, drastically reducing accident likelihood.\n2. **Increased Mobility for the Disabled**: Self-driving cars offer independence to individuals with disabilities, who currently rely heavily on public transportation or assistance.\n\n**Disadvantages:**\n\n1. **Prohibitive Implementation Costs**: The expense of integrating self-driving cars may be too high for individual citizens, posing a significant barrier to adoption.\n2. **Negative Impact on Existing Public Transportation**: Widespread adoption could lead to job losses among taxi drivers, bus operators, and other public transit workers.\n3. **Uncertainty and Unaddressed Challenges**: The lack of widespread use means numerous unknowns, including how self-driving cars will navigate roadblocks, comply with varied local driving laws, and ensure reliability.\n\n**Conclusion:**\nWhile self-driving cars have the potential to propel society forward, their current stage of development renders them not yet beneficial. The promise of reduced accidents is overshadowed by concerns over adaptation to unique driving conditions, reliability, and the potential for computer error. Extensive testing is necessary to guarantee passenger safety. Until these issues are adequately addressed, self-driving cars remain a future aspiration rather than a present benefit to society. ", "rating": 4}