{"source": "rev1", "topic_id": "Self-driving cars", "graph_id": "draft1_2018argrewrite_55.txt", "text_type": "text2", "text": "\n\nProponents of self-driving cars highlight benefits for the physically or mentally disabled, potential urban traffic elimination, and a significant reduction in collisions, injuries, and fatalities due to driver error. Conversely, skeptics raise concerns about the technology's affordability, vulnerability to software bugs and hacking, and the psychological impact of relinquishing control to a computer.\n\nA compelling counterargument lies in the concept of critical mass: the benefits of self-driving cars in terms of cost, time, and lives saved are only substantial when adoption is widespread enough to minimize human driver factors. The time required to reach this critical point is a crucial issue, as the upfront costs of self-driving cars, despite economies of scale, remain significant.\n\nA nuanced cost-benefit analysis is necessary. Even skeptics would agree that the economic cost of adopting self-driving cars could be justified to prevent the approximately 40,000 annual automobile-related fatalities. However, this analysis is incomplete. The costs will be incurred primarily upfront: businesses converting shipping fleets, manufacturers adapting workflows and machinery, and individuals purchasing self-driving cars for personal gain.\n\nIn contrast, the benefits are more long-term. The most substantial advantages in speed, convenience, and safety materialize when most cars on the road are self-driving, dramatically reducing human error and enabling algorithms to navigate safely and predict other cars' behavior. A fully self-driving, networked city could even render traffic lights obsolete, as cars could coordinate among themselves. However, a city with only 25% self-driving cars would still rely on relatively outdated technology.\n\nRather than taking a hard-lined negative stance, I adopt a pragmatic view of the current costs and a skeptical outlook on immediate benefits. As costs decrease over time, the marginal benefits of individual ownership will grow, making adoption a straightforward decision. Currently, however, the incentives for immediate adoption are less clear-cut, warranting a more measured approach. ", "rating": 4}