{"source": "rev2", "topic_id": "Self-driving cars", "graph_id": "draft1_2018argrewrite_24.txt", "text_type": "text1", "text": "As with the advent and introduction of any new technology, there are pros and cons that arise with the implementation of that technology. This is also true with self-driving cars. With the testing of self-driving cars currently happening in several cities across the country, the debate on whether or not they are safer than cars driven by humans has been highlighted in the media. Many cars already come equipped with some of the basic technology - autonomous breaking, self-parking, or sensors that detect close objects - so we may be closer to the future than we think.\n\nThere are several pros for the use of self-driving cars, and one of the biggest is safety. While a small percentage of car accidents could be caused by mechanical failures, the majority are caused by a distracted driver. Computers make for the ideal driver as they will not get tired, lose their eyesight, get distracted, imbibe in drugs or alcohol, etc. Computers also use specific algorithms to calculate speed, stopping distance, and other collected information that help to dramatically decrease the chance of an accident.\n\nIn addition to safety, there are many other positive side-effects to autonomous driving. Self-driving cars could help with traffic optimization by communicating with each other to help identify traffic problems. Their specific algorithms and sensors could help to reduce commute times while also allowing more cars on the road with less traffic. People with disabilities would have more options at their disposal. Police could focus less time on traffic stops and more time on other crimes. People would have more time to do other things with less parking and DMV headaches for drivers. The benefits are endless.\n\nWith all the good things that come with technology, there are bound to be some bad, as well. One of the biggest downfalls anticipated with self-driving cars would be their affect on the economy. Many benefits rely on more people opting in to the service, yet the cost of the new technology is more expensive than most Americans can afford. It is also expected that most self-driving cars would be electric, further putting a strain on the gas industry. Reliance on technology could make a driver's license, insurance, the DMV, and other driving related vendors obsolete, creating job loss in those areas, as well as the areas of freight and taxi drivers. \n\nOther downfalls to autonomous cars would be the flaws with technology itself. A computer cannot detect a road block or read human hand signals, so road construction would be an obstacle. The sensors are located on the outside of the vehicle, so severe weather can damage them. Computers attract hackers so there is always a chance for breach of security. Another risk would be the technology failure where a person must take over the controls - what if it is someone that has never driven a car before? What if the GPS fails? What if a sensor malfunctions?\n\nWhile a completely autonomous driving society is probably a ways off, society certainly seems to be leaning towards it. I do believe that self-driving cars will be a benefit in many ways - safety, inclusion, environment, and time/traffic - and most of the cons are solvable and temporary issues. While there may be jobs that are lost in transportation, there will be jobs that are created with the manufacturing of these vehicles. Technology, security, construction, and bug issues can potentially be solved with better firewalls and later versions of software. This could be an incredibly powerful tool for those that were previously reliant on others to get around, such as the elderly or disabled.", "rating": 3}