{"source": "rev2", "topic_id": "Self-driving cars", "graph_id": "draft1_2018argrewrite_52.txt", "text_type": "text1", "text": "\n\nAccording to the U.S. Department of Transportation, a staggering 81% of vehicular accidents are attributed to human error, prompting many to consider whether self-driving technology can mitigate these risks and potentially save thousands of lives annually. To make an informed decision about the benefits of self-driving vehicles for society, it's essential to weigh the pros and cons of this technology.\n\n**Advantages:**\n\n1. **Enhanced Safety**: Self-driving technology significantly reduces the risk of accidents caused by human error, leading to a decrease in automobile-related deaths and injuries.\n2. **Economic Benefits**: This decrease in accidents will:\n\t* Free up medical resources, allowing healthcare professionals to focus on more critical cases.\n\t* Enable public safety officials and law enforcement to concentrate on more severe crimes, fostering safer local communities.\n\t* Result in substantial cost savings for public institutions, particularly in healthcare and insurance sectors.\n3. **Increased Productivity**: With the ability to work or relax during travel, individuals can optimize their time, leading to improved work-life balance and productivity.\n\n**Disadvantages:**\n\n1. **Accessibility and Affordability**: The high manufacturing costs of self-driving vehicles may limit their adoption to affluent populations, leaving a significant portion of the driving public vulnerable to human-error accidents.\n2. **Initial Investment**: The time and financial resources required to educate the public on using self-driving technology may be substantial.\n3. **Risk of Technological Failure**: The potential for system failures poses risks to both occupants of self-driving vehicles and other road users.\n\n**Conclusion:**\nWhile self-driving technology offers promising short-term benefits, its long-term viability is uncertain due to accessibility concerns and potential risks. As we ponder the value of time saved with autonomous driving, we must also consider the broader implications for human interaction and self-sufficiency. Ultimately, the question remains: do the benefits of self-driving cars outweigh the costs and risks associated with their widespread adoption?", "rating": 4}