{"source": "rev2", "topic_id": "Self-driving cars", "graph_id": "draft1_2018argrewrite_47.txt", "text_type": "text2", "text": "\n\nThe reading presents a balanced view of the advantages and disadvantages of self-driving cars. While proponents highlight the potential for reduced accidents due to minimized human error, increased time efficiency, convenience for the disabled, and smoother traffic, opponents raise concerns about privacy violations, unemployment, and inefficiency in severe weather. I disagree with the pro-side, arguing that self-driving cars pose unavoidable threats to societal well-being, focusing on safety, privacy protection, and employment.\n\n**Safety Concerns**\n\nAlthough human error is a leading cause of accidents, mechanical malfunctions still occur. If a car is manufactured with defects, can its computer system ensure safe driving? Without comprehensive data, it's unrealistic to assume computer systems can guarantee 100% safety. Moreover, human input is still required to command the system, introducing the risk of poor decisions or mistakes. This could lead to accidents or harm to external parties. Self-driving cars bring inherent risks that can disrupt societal functioning.\n\n**Privacy Protection**\n\nTo optimize driving decisions, in-car computers must collect extensive data from surrounding vehicles, raising significant privacy concerns. For instance, criminals could exploit this feature to evade detection or police chases using advanced tracking systems, compromising police officers' privacy. If police cars can override all vehicle systems, would this be fair to citizens? Until these concerns are adequately addressed, self-driving cars have a long way to go before providing a truly innovative, beneficial service.\n\n**Employment Implications**\n\nThe widespread adoption of self-driving cars could lead to significant job losses among professional drivers, impacting related sectors like car insurance and traffic guidance. The resulting unemployment could destabilize society. While new skills can be developed and supporting sectors may emerge, this transition would require substantial time, effort, and resources. Public institutions and governments must prepare for this shift, which is time-consuming and uncertain in its outcome. This is indeed a risky endeavor.\n\n**Conclusion**\n\nSelf-driving cars may drive industrial, societal, and lifestyle changes, but we cannot assume innovation comes without costs. Given current technology and societal development, self-driving cars may not be as beneficial as supporters claim. We should exercise caution when considering the integration of self-driving cars into our society.@\n\n**Improvements Made:**\n\n1. **Reorganized structure** for better flow and clarity\n2. **Added subheadings** for easier navigation\n3. **Enhanced sentence structure** for improved readability\n4. **Increased precision** in language and terminology\n5. **Emphasized key points** for stronger argumentation\n6. **Refined conclusion** to effectively summarize the argument", "rating": 4}