{"source": "rev3", "topic_id": "Self-driving cars", "graph_id": "draft1_2018argrewrite_47.txt", "text_type": "text1", "text": "\nMany articles outline the advantages and disadvantages of self-driving cars, sparking a debate about their integration into society. While proponents highlight reduced accident rates, time efficiency, convenience for the disabled, and smoother traffic, opponents raise concerns about individual privacy violations, unemployment, and performance in severe weather. I argue against the adoption of self-driving cars, citing potential threats to safety, privacy, and employment.\n\n**Safety Concerns:**\nAlthough human error is a leading cause of accidents, mechanical malfunctions still pose a significant risk. Self-driving mechanisms cannot mitigate defects present in a car's construction. In such cases, it's dubious that a computer system can make sound driving decisions. Moreover, human input is still required to facilitate self-driving functions, introducing the possibility of poor decisions or mistakes that could lead to injuries or fatalities. This innovation may bring unforeseen risks, jeopardizing societal harmony.\n\n**Privacy Violations:**\nTo optimize driving efficiency, built-in computers collect extensive data from nearby vehicles, raising concerns about privacy exploitation. If misused, this feature could aid criminals in evading law enforcement, compromising police officer privacy. The potential for police cars to override all vehicle computer systems also raises fairness and citizen rights questions. Until these concerns are adequately addressed, self-driving cars have a long way to go before being societal beneficiaries.\n\n**Employment and Structural Impacts:**\nThe displacement of professional drivers could lead to significant unemployment, with far-reaching consequences for the car insurance and traffic guiding sectors. Managing these disruptive changes in the short term poses a considerable challenge for societal stability. While new skills and sectors may emerge, this transformation will require time, effort, sacrifice, and investment. Public institutions must be thoroughly prepared for this transition, which is inherently time-consuming and uncertain.\n\n**Conclusion:**\nSelf-driving cars may drive industrial, societal, and lifestyle changes, but we must acknowledge the potential costs of such innovation. Given current technical and societal developments, the benefits of self-driving cars may be overstated. Therefore, we should exercise caution when considering the adoption of self-driving cars into our society. ", "rating": 4}