{"source": "rev3", "topic_id": "Self-driving cars", "graph_id": "draft1_2018argrewrite_1.txt", "text_type": "text1", "text": "\nThe topic of self-driving cars is highly debated and pertinent to today\u2019s society, particularly in light of the Arizona incident involving a self-driving Uber. Despite this, the benefits of adopting self-driving cars outweigh the drawbacks due to the significant reduction in accidents and costs. \n\n**Key Advantages:**\n- **Enhanced Safety**: Self-driving cars minimize accidents caused by distracted drivers, with statistics showing human error is responsible for 81% of crashes, resulting in approximately 1.3 million fatalities annually.\n- **Improved Traffic Flow**: Autonomous vehicles optimize traffic, reducing congestion and commute times.\n- **Economic Benefits**: Self-driving cars save time and monetary resources, potentially increasing productivity.\n- **Increased Accessibility**: They offer transportation to all citizens, including the elderly and disabled.\n\n**Addressing Concerns:**\n- **Technological Limitations**: While the system is not flawless and faces a learning curve, it has the capacity to evolve, unlike human driving skills which have plateaued.\n- **Economic Impact on Other Sectors**: Although self-driving cars may initially affect profit in other transportation industries, the overall economic gain from developing and implementing this technology will be more substantial, creating new job opportunities in the growing tech sector.\n- **Loss Prevention**: Each life saved (valued at $9.2 million by the U.S. Department of Transportation) contributes to a more productive workforce, reducing healthcare and insurance costs.\n\n**Integration and Future:**\n- **Existing Implementation**: Features like autonomous braking, self-parking, and sensor detectors are already integrated into modern vehicles, demonstrating the technology's readiness for further development.\n- **Conclusion**: Despite imperfections, the potential of self-driving cars to save lives and reduce costs makes them a worthy investment for societal progression. As our reliance on technology grows, embracing self-driving cars aligns with the innovative spirit of the 21st century. ", "rating": 5}