{"source": "rev3", "topic_id": "Self-driving cars", "graph_id": "draft1_2018argrewrite_79.txt", "text_type": "text2", "text": "\n\nToday, innovative technologies are transforming industries worldwide, with self-driving cars being a particularly intriguing example in the United States, sparking both enthusiasm and apprehension. Proponents argue that self-driving cars will revolutionize traffic patterns, enhancing fuel efficiency, drastically reducing car-related accidents and fatalities, and granting independence to the disabled and elderly. Conversely, opponents highlight concerns including operational challenges in adverse weather, unique road conditions without mechanical signals, and consumer wariness about adopting autonomous vehicles.\n\nPersonally, I firmly believe the benefits of self-driving cars far outweigh the drawbacks. They offer a safe, efficient platform capable of significantly reducing motor vehicle accident fatalities and injuries, cutting commute times and associated costs, and providing unprecedented freedom to those unable to drive, such as the disabled and elderly. The predicted substantial reduction in car accident-related injuries and deaths is the most compelling argument. Given that up to 81% of motor vehicle accidents are attributed to human error, replacing human drivers with computers\u2014immune to distraction, fatigue, intoxication, and other impairments\u2014could prevent countless lives lost and debilitating injuries.\n\nMoreover, self-driving cars have the potential to transform traffic patterns through \"platooning,\" where they drive in coordinated groups. This practice, as noted in the source article, eliminates the human inefficiencies causing traffic jams and congestion, thereby reducing commute times, optimizing fuel efficiency, and saving consumers money on gasoline. These platooning benefits are significant selling points for wider acceptance of self-driving cars.\n\nNotably, self-driving cars can profoundly improve the lives of the non-driving population, including the elderly and disabled. A Department of Transportation study by Burkhardt et al. found that elderly women who stopped driving reported increased depressive symptoms, loss of independence, higher financial costs, and feelings of isolation. Self-driving cars offer a solution, potentially restoring independence, reducing negative outcomes associated with not driving, and enhancing their quality of life.\n\nWhile valid, the concerns about self-driving cars\u2014unreadiness of the technology, inability to handle poor weather, accommodate human traffic signals, and the fear of relinquishing control to a computer\u2014can be addressed with time and development. As the technology matures and overcomes these barriers, the associated risks will diminish, paving the way for broader acceptance of self-driving cars. ", "rating": 4}