{"source": "essay", "topic_id": "Should universities accept equal number of males/females or not", "graph_id": "essay062.txt", "text_type": "text2", "text": "\nEducation is pivotal for global development, and a contentious issue surrounding this is whether universities should maintain a balanced gender ratio in their admissions. I firmly argue that universities should accept an equal number of males and females in each course, based on their preferences and merits.\n\nThe right to education is a fundamental human right, universally applicable to both genders. In pursuit of women's empowerment, a key global objective, providing equal opportunities for females alongside males is crucial. By admitting students in equal numbers, universities foster a healthy competitive environment where both genders can nurture their talents, promoting overall growth.\n\nCo-educational settings facilitate interpersonal skills development between genders, teaching them to collaborate effectively. For instance, single-sex colleges often leave students unprepared for interactions with the opposite sex, a limitation that co-education resolves. By offering equal opportunities, universities prepare students for future challenges, yielding long-term benefits.\n\nUnfortunately, gender biases persist, with some believing women are less capable in fields like mathematics, mechanical engineering, and defense. However, history refutes this, with figures like Margaret Thatcher, Indira Gandhi, and Marie Curie exemplifying women's intellectual prowess across various disciplines.\n\nIn conclusion, I strongly believe in the equal rights of both genders to education. Universities admitting students in equal numbers, based on merit and choice, will significantly contribute to societal development. Both genders are integral to society's fabric, neither superior nor inferior. The choice of course should be determined by individual merit, irrespective of gender, to ensure equitable educational rights for all. ", "rating": 5}