{"source": "mt_de", "topic_id": "allow_shops_to_open_on_holidays_and_sundays (de)", "graph_id": "micro_k013", "text_type": "text1", "text": "Auch Supermarktangestellte und Menschen, die in Einkaufszentren arbeiten, haben das Recht, einen freien Sonntag zu haben. Ebenso sollen Feiertage das bleiben, was sie sind: f\u00fcr die Einen Tage der Einkehr, f\u00fcr die anderen bezahlter Urlaub, die nicht vom eigentlichen Urlaub abgehen. Also ist es gut, wenn die Gesch\u00e4fte an Sonn- und Feiertagen nicht \u00f6ffnen. Menschen, die jedoch unter der Woche und Samstags arbeiten, haben dann allerdings ein Problem: alle anderen k\u00f6nnen werktags einkaufen gehen, sie jedoch nicht. F\u00fcr diese Menschen stellen die sp\u00e4ten Schlie\u00dfungszeiten, die inzwischen schon bis um 12:00 nachts gehen, eine gute Alternative dar.", "rating": 4}