{"source": "mt_de", "topic_id": "TXL_airport_remain_operational_after_BER_opening (de)", "graph_id": "micro_b044", "text_type": "text2", "text": "Berlin Tegel ist als zentrumsnaher Flughafen gerade f\u00fcr Gesch\u00e4ftsreisende attraktiv und sollte unbedingt offen bleiben. Er ist ein Wirtschaftsfaktor. Die negativen Auswirkungen des Flugverkehrs sind aber beachtlich. Flugverkehr ist stark umweltsch\u00e4dlich. Ganz speziell in Tegel haben die Anwohner Jahrzehnte die Belastungen des Flugl\u00e4rms ertragen.", "rating": 3}