{"source": "mt_de", "topic_id": "health_insurance_cover_complementary_medicine (de)", "graph_id": "micro_b003", "text_type": "text1", "text": "Die Krankenkassen sollten Behandlungen bei Natur- oder Heilpraktikern nur dann \u00fcbernehmen, wenn der versprochene therapeutische Effekt und dessen medizinischer Nutzen durch wissenschaftliche Erkenntnisse und nachvollziehbare Studien eindeutig nachgewiesen sind. Da in den meisten F\u00e4llen dieser konkrete Nachweis fehlt, ist Vorsicht geboten. Zwar berichten Patienten h\u00e4ufig von einer Linderung ihrer Beschwerden nach solchen Behandlungen, doch solange die zugrunde liegenden Wirkmechanismen unklar bleiben, sollte die finanzielle Priorit\u00e4t auf etablierte Behandlungsmethoden gelegt werden, deren Wirksamkeit evidenzbasiert ist.", "rating": 5}