{"source": "mt_de", "topic_id": "health_insurance_cover_complementary_medicine (de)", "graph_id": "micro_b003", "text_type": "text2", "text": "Die Krankenkassen sollten Behandlungen beim Natur- oder Heilpraktiker nicht zahlen, es sei denn der versprochene Effekt und dessen medizinischer Nutzen sind handfest nachgewiesen. Genau dieser Nachweis fehlt jedoch in den meisten F\u00e4llen. Zwar verweisen die Patienten oft auf eine Linderung ihrer Beschwerden nach derartigen Behandlungen. Solange aber nicht klar ist, wieso es dazu kommt, sollte das Geld besser f\u00fcr Behandlungen ausgegeben werden, bei denen man es mit Sicherheit weiss.", "rating": 4}