{"source": "mt_de", "topic_id": "cap_rent_increases (de)", "graph_id": "micro_b009", "text_type": "text2", "text": "Dass Mieter heutzutage bei einem Neueinzug einen viel h\u00f6heren Preis als der Vormieter zahlen m\u00fcssen, ist ungerecht und nicht mehr zu rechtfertigen. Sicherlich muss der Vermieter einige Instandsetzungs-Ma\u00dfnahmen vor Neueinzug zahlen. Doch diese Ausgaben m\u00fcssten auch durch minimale Mieterh\u00f6hungen \u00fcber den gesamten Mietzeitraum getilgt werden k\u00f6nnen. Zumal der Mietpreis gegen\u00fcber dem Grundmietpreis f\u00fcr einen ausreichenden Gewinn nicht bei jeder Neuvermietung angehoben werden muss.", "rating": 4}