{"source": "mt_de", "topic_id": "make_video_games_olympic (de)", "graph_id": "micro_b058", "text_type": "text2", "text": "\nVideospiele, wie beispielsweise FIFA, k\u00f6nnen junge Menschen auf intensive und emotionale Weise stundenlang fesseln, oft \u00fcbersteigend die Faszination, die herk\u00f6mmliche Sportarten hervorrufen. Die Aufnahme von Videospielen als olympische Disziplin w\u00e4re daher gerechtfertigt. Zwar mag die Zuschauererfahrung weniger packend sein als die des Spielers, doch gilt dies auch f\u00fcr einige aktuelle olympische Disziplinen wie Curling oder 50 km Ski-Langlauf, bei denen ein gewisses Spezialinteresse vorausgesetzt wird, um sie \u00fcber den Zusammenfassungen hinaus zu verfolgen. \nEin wesentlicher Vorteil der olympischen Etablierung von Videospielen liegt in der geringen H\u00fcrde ihrer Implementierung: Im Gegensatz zu anderen Sportarten erfordert sie keine Dopingkontrollen, sondern lediglich eine neutrale Spielumgebung. Dar\u00fcber hinaus fordern viele Videospiele, insbesondere angesichts von Turnierfinals wie dem letzten FIFA-Turnier, k\u00f6rperliche Ausdauer, geistige Konzentration und mentale St\u00e4rke in einem Ausma\u00df, das das von manchen traditionellen olympischen Disziplinen, wie dem Kugelsto\u00dfen \u00fcber 20 Meter, in mancher Hinsicht sogar \u00fcbertrifft. ", "rating": 5}