{"source": "mt_de", "topic_id": "allow_shops_to_open_on_holidays_and_sundays (de)", "graph_id": "micro_k022", "text_type": "text2", "text": "Es ist nachvollziehbar, dass der Sonntag als Ruhetag erhalten bleiben sollte. Mit \u00d6ffnungszeiten bis 22 Uhr an bis zu 6 Tagen in der Woche besteht bereits ausreichend Gelegenheit zum Einkaufen. Der Sonntag sollte daher vorwiegend dem famili\u00e4ren Beisammensein vorbehalten bleiben, um die soziale Bindung und Entspannung in privatem Rahmen zu f\u00f6rdern. Ansonsten besteht die Gefahr, dass sich ein neuer Freizeittrend etabliert, in dem Superm\u00e4rkte Vorrang vor Outdoor-Aktivit\u00e4ten und geselligen Gespr\u00e4chen erhalten. Zudem ist ein tats\u00e4chlicher Bedarf f\u00fcr sonnt\u00e4gliche \u00d6ffnungszeiten nicht ersichtlich, was die Notwendigkeit einer solchen Ma\u00dfnahme in Frage stellt.", "rating": 3}