{"source": "mt_de", "topic_id": "allow_shops_to_open_on_holidays_and_sundays (de)", "graph_id": "micro_k013", "text_type": "text2", "text": "Auch Supermarktangestellte und Mitarbeiter in Einkaufszentren haben das Recht auf einen arbeitsfreien Sonntag. Ebenso sollten Feiertage ihre urspr\u00fcngliche Bedeutung behalten: Tage der Besinnung oder bezahlte freie Zeit, die den regul\u00e4ren Urlaub nicht reduzieren. Daher ist es sinnvoll, dass Gesch\u00e4fte an Sonn- und Feiertagen geschlossen bleiben. Allerdings stellen sich f\u00fcr Berufst\u00e4tige, die unter der Woche und samstags arbeiten, Einkaufschwierigkeiten: W\u00e4hrend andere unter der Woche einkaufen k\u00f6nnen, f\u00e4llt diese M\u00f6glichkeit f\u00fcr sie weg. Als Kompensation bieten die verl\u00e4ngerten \u00d6ffnungszeiten, die bis 24:00 Uhr reichen, eine geeignete Alternative f\u00fcr diese Personengruppe, um ihren Einkaufsbedarf zu decken.", "rating": 3}