{"source": "mt_de", "topic_id": "over_the_counter_morning_after_pill (de)", "graph_id": "micro_k029", "text_type": "text1", "text": "Niemand sollte die M\u00f6glichkeit haben, sich die \"Pille danach\" ohne Rezept in der Apotheke zu holen. Zwar b\u00f6te dies den Vorteil, die Peinlichkeit eines Arztbesuchs oder einen n\u00e4chtlichen Ambulanzbesuch zu vermeiden, jedoch \u00fcberwiegen die Nachteile: \n- Eine vorherige Aufkl\u00e4rung \u00fcber die mit der Einnahme verbundenen Risiken ist unerl\u00e4sslich.\n- Eine gr\u00fcndliche gyn\u00e4kologische Untersuchung vor der Einnahme ist notwendig, um individuelle Gesundheitsrisiken auszuschlie\u00dfen.\n- Es besteht das erhebliche Risiko, dass Frauen die rezeptfreie \"Pille danach\" f\u00e4lschlicherweise als regelm\u00e4\u00dfigen Verh\u00fctungsersatz einsetzen k\u00f6nnten, was zu ungewollten Schwangerschaften und gesundheitlichen Komplikationen f\u00fchren k\u00f6nnte.", "rating": 2}