{"source": "mt_de", "topic_id": "over_the_counter_morning_after_pill (de)", "graph_id": "micro_k029", "text_type": "text2", "text": "Niemand sollte die M\u00f6glichkeit haben, sich die \"Pille danach\" rezeptfrei in der Apotheke zu holen. Zwar g\u00e4be es den Vorteil, sich die Peinlichkeit eines Arztbesuches oder das n\u00e4chtliche in-die-Ambulanz-fahren zu sparen, dennoch sollten Frauen vor der Einnahme \u00fcber die Risiken aufgekl\u00e4rt werden und gyn\u00e4kologisch untersucht werden. Au\u00dferdem besteht das Risiko, dass Frauen die rezeptfreie \"Pille danach\" als Verh\u00fctungsersatz verwenden k\u00f6nnten.", "rating": 4}