{"source": "mt_de", "topic_id": "cap_rent_increases (de)", "graph_id": "micro_b009", "text_type": "text1", "text": "Die derzeitige Praxis, bei der Mieter bei einem Umzug einen erheblich h\u00f6heren Mietpreis als den Vormieter zahlen m\u00fcssen, wirft Ungerechtigkeitsbedenken auf und ist nur schwer zu rechtfertigen. Zwar sind Instandsetzungsma\u00dfnahmen vor dem Einzug des neuen Mieters f\u00fcr den Vermieter unumg\u00e4nglich, doch k\u00f6nnten diese Kosten durch moderate, schrittweise Mieterh\u00f6hungen \u00fcber die gesamte Mietdauer amortisiert werden. Insbesondere ist zu bedenken, dass der Mietpreis nicht bei jeder Neuvermietung \u00fcber den urspr\u00fcnglichen Grundmietpreis angehoben werden muss, um einen angemessenen Gewinn zu gew\u00e4hrleisten, da dies zu unverh\u00e4ltnism\u00e4\u00dfigen Preisspr\u00fcngen f\u00fchrt.", "rating": 3}