{"source": "mt_en", "topic_id": "health_insurance_cover_complementary_medicine (en)", "graph_id": "micro_b003", "text_type": "text1", "text": "Health insurance companies should not cover treatment in complementary medicine unless the promised effect and its medical benefit have been concretely proven. Yet this very proof is lacking in most cases. Patients do often report relief of their complaints after such treatments. But as long as it is unclear as to how this works, the funds should rather be spent on therapies where one knows with certainty.", "rating": 5}