{"source": "mt_en", "topic_id": "keep_retirement_at_63 (en)", "graph_id": "micro_b022", "text_type": "text2", "text": "No, the retirement age should indeed be raised to 65. Given the upward trend in average life expectancy, people are not only living longer but also generally maintaining their health and cognitive abilities well into their 60s. Retaining them in the workforce would preserve a vast repository of accumulated experience, thereby enriching our professional and societal fabric. Conversely, an earlier retirement would necessitate a significant investment in additional leisure activities and support structures for seniors, potentially straining resources.", "rating": 5}