{"source": "mt_en", "topic_id": "public_broadcasting_fees_on_demand (en)", "graph_id": "micro_k027", "text_type": "text2", "text": "The TV license fee should be reformed to a usage-based model, where only individuals who actively consume public broadcasting content are required to pay. Currently, in Germany, the fee is levied on all households with a device, regardless of actual usage, even if the device is solely used for work or non-broadcasting purposes (e.g., computers). Since verifying individual device usage is impractical for licensing authorities, a more equitable approach would be to only charge those who benefit from public broadcasting services, thereby aligning costs with consumption. ", "rating": 5}