{"source": "mt_en", "topic_id": "increase_weight_of_BA_thesis_in_final_grade (en)", "graph_id": "micro_k023", "text_type": "text1", "text": "The BA dissertation should, if not make up the entire grade, then at least constitute a larger share of it. For a good overall grade opens many doors, but is not of top priority for employers. With a BA dissertation one can, however, demonstrate interests and subject matter expertise particularly well. After all one doesn't excel in every subject.", "rating": 2}