{"source": "mt_en", "topic_id": "allow_shops_to_open_on_holidays_and_sundays (en)", "graph_id": "micro_b060", "text_type": "text2", "text": "Owner-run shops may potentially be overwhelmed by additional work times on Sundays and holidays, then again supermarkets and large shopping centres dominate the market today already. Thus smaller shops could benefit from the additional freedom, as customers are on average more laid-back on Sunday. Opening on Sundays and holidays would therefore help both customers and shops.", "rating": 2}