{"source": "mt_en", "topic_id": "introduce_capital_punishment (en)", "graph_id": "micro_k009", "text_type": "text2", "text": "Germany should refrain from introducing capital punishment. Here's why: \n\n* **Erosion of Moral High Ground**: Implementing capital punishment would imply that individuals are granted the right to decide over others' lives, undermining the principle of equality before the law.\n* **Paradox of Punishment**: Capital punishment, in essence, is state-sanctioned murder. This creates a philosophical conundrum where the punishment for murder would, paradoxically, be more murder, necessitating a death penalty for the state itself.\n* **Addressing Heinous Crimes**: For criminals convicted of severe offenses like murder or rape, the question arises whether they should be spared despite their deeds. \n* **Alternative to Capital Punishment**: A more profound form of punishment exists - lifelong imprisonment. This not only removes the criminal from society but also subjects them to a prolonged period of introspection and psychological torment, arguably a more severe penalty than the swift, relatively painless death offered by lethal injection. This approach upholds justice while maintaining the moral integrity of the state.", "rating": 4}