{"source": "mt_en", "topic_id": "charge_tuition_fees (en)", "graph_id": "micro_b021", "text_type": "text1", "text": "Tuition fees should be abolished in Germany, as access to higher education is a fundamental right that should be universally accessible. Imposing tuition fees can have a counterproductive effect, leading to prolonged study durations as students often need to balance academic pursuits with part-time jobs, ultimately increasing overall educational costs for individuals and potentially hindering their academic success.", "rating": 3}