{"source": "mt_en", "topic_id": "increase_weight_of_BA_thesis_in_final_grade (en)", "graph_id": "micro_k023", "text_type": "text2", "text": "The BA dissertation should constitute a significantly larger share of the final grade, as its value extends beyond mere academic achievement. While a strong overall grade can open various opportunities, it often doesn't convey specific expertise to employers. In contrast, a BA dissertation provides a unique platform to showcase specialized interests and in-depth subject matter expertise, highlighting a student's exceptional strengths in a particular area, which may not always be reflected in their overall grade due to variations in performance across subjects.", "rating": 4}