{"source": "mt_en", "topic_id": "allow_shops_to_open_on_holidays_and_sundays (en)", "graph_id": "micro_k013", "text_type": "text2", "text": "Allowing shops to open on holidays and Sundays raises concerns about work-life balance and the sanctity of these days. \n\nOn one hand, supermarket employees and shopping centre staff deserve a Sunday off, aligning with the traditional purpose of public holidays as days for introspection or a paid break, not deducted from annual leave. Restricting Sunday and holiday trading hours respects this.\n\nOn the other hand, individuals working weekdays and Saturdays face inconvenience, as they cannot shop during their limited free time. In contrast, late evening shopping (often until 12:00 midnight) on other days provides a viable alternative for this demographic, striking a balance between respecting traditional holiday closures and accommodating diverse schedules.", "rating": 4}