{"source": "rev1", "topic_id": "Self-driving cars", "graph_id": "draft1_2018argrewrite_55.txt", "text_type": "text1", "text": "Proponents of self-driving cars point to the benefits to those who are unable to drive due to a physical or mental disability, potential elimination of urban traffic, and an overwhelming reduction in collisions, injuries, and fatalities from driver error. However, there exist many groups of self-driving skeptics: those who argue the cost of self-driving technology is out of reach except for the very wealthy, those who are concerned of the potential for software bugs and even malicious hacking, and those who are simply concerned about the psychological effects of a driver handing control over a large machine to a computer. \n\nPerhaps the most compelling counterargument is one from critical mass; the benefits of self-driving cars, in terms of cost, time, and lives, are only noticeable when adoption thereof is widespread enough that human drivers simply aren't a major factor. The issue here is the time it takes to reach that critical point. The cost of self-driving cars, even when tempered by economies of scale, is still significant enough to consider here.\n\nLet's do a cost-benefit analysis: even the most hardened skeptic would have to agree that the economic cost of self-driving car adoption would be worth it to reduce the approximately 40,000 deaths due to automobiles. However, this analysis does not tell the full picture. The cost will be incurred largely up-front: businesses changing their shipping fleets to self-driving cars, manufacturers changing their workflows and machinery, and individual car-buyers purchasing a self-driving car for personal gain, rather than higher-minded societal ideals.\n\nThe benefit, however, is more tenuous. The largest benefits in speed, convenience, and safety come when the majority of cars on the road are self-driving. It is at that point that the effect of human error dramatically lowers, and the algorithms are able to navigate safely and predict how other cars on the road will drive as well. A self-driving, networked city has no need for traffic lights: the cars can simply decide among themselves when to go. But a city where only 25% of the cars are self-driving is still tied to comparatively ancient technology.\n\nI wouldn't say that I'm taking a hard-lined stance to the negative; rather, I'm simply pragmatic about the costs and skeptical of the benefits immediately. As the cost lowers over time, the marginal benefits of individual ownership grow, and adoption of self-driving cars at that point is a no-brainer. But the incentives for adoption now are not as clear.", "rating": 4}