{"source": "rev1", "topic_id": "Self-driving cars", "graph_id": "draft1_2018argrewrite_79.txt", "text_type": "text2", "text": "\n\nToday's world is marked by rapid innovation, with self-driving cars being a particularly intriguing technology sparking both interest and concern across the United States. Proponents argue that self-driving cars will enhance fuel efficiency, reduce gasoline costs, drastically lower car-related fatalities and injuries, and empower disabled and elderly individuals with unprecedented independence. Conversely, concerns include operational limitations in adverse weather, unique road conditions, and non-mechanical traffic signals, high vehicle costs, and consumer wariness about adopting the technology.\n\nPersonally, I firmly believe the benefits of self-driving cars outweigh the drawbacks. These vehicles offer a safe, efficient platform that can significantly reduce motor vehicle accident-related fatalities and injuries, cut commute times and associated costs, and grant the disabled and elderly a newfound freedom often taken for granted by able-bodied individuals. The potential to save lives alone is a compelling reason; with up to 81% of motor vehicle accidents attributed to human error, computers\u2014unaffected by distractions, fatigue, or intoxication\u2014can mitigate this risk. By removing the human factor, self-driving cars can prevent countless fatalities and debilitating injuries. Furthermore, they have the potential to revolutionize traffic through \"platooning,\" allowing more cars to safely share the road, reducing commute times, and optimizing fuel efficiency to save consumers money.\n\nMoreover, self-driving cars can substantially enhance the lives of the elderly and disabled by providing independence. For those who can drive, walk, or see without issue, it's easy to overlook the profound impact self-driving cars can have on the less mobile, who no longer have to rely on limited and slow public access transit vans.\n\nWhile valid concerns exist, such as the technology's current limitations in poor weather, handling human traffic signals, and public apprehension about relinquishing control, these can be addressed through time and development. As the technology matures and overcomes its hurdles, these risks will diminish, paving the way for widespread acceptance of self-driving cars.\n\n**Improvement Highlights:**\n\n- **Simplified and clarified opening sentence**\n- **Reorganized structure for clearer argument progression**\n- **Enhanced specificity in benefits (e.g., \"unprecedented independence\")**\n- **Emphasized the life-saving potential with precise statistics**\n- **Added detail to the explanation of \"platooning\" and its benefits**\n- **Strengthened the emotional appeal of empowering the disabled and elderly**\n- **Condensed and reframed concerns for a more concise address**\n- **Concluded with a forward-looking perspective on technology's potential** ", "rating": 4}