{"source": "rev1", "topic_id": "Self-driving cars", "graph_id": "draft1_2018argrewrite_47.txt", "text_type": "text1", "text": "\n\nThe reading presents a comprehensive overview of the advantages and disadvantages of self-driving cars. While proponents highlight the potential for reduced accidents due to minimized human error, increased time efficiency, convenience for the disabled, and smoother traffic, opponents raise concerns about privacy violations, unemployment, and inefficiency in severe weather. I disagree with the pro-side, believing that self-driving cars pose significant threats to societal well-being. My arguments center around safety, privacy protection, and employment.\n\n**Safety Concerns:**\nAlthough human error is a leading cause of accidents, it's overly optimistic to assume that computer-controlled vehicles will eliminate mechanical errors. Cars may still have manufacturing defects that onboard computer systems might not detect, and human input, required for command-giving, can introduce new error possibilities. This interplay of human and machine can lead to novel risks, undermining societal stability.\n\n**Privacy Protection:**\nTo optimize driving decisions, in-car computers collect vast amounts of data, potentially exposing individuals to privacy violations if exploited by criminals. For instance, police officers' privacy could be compromised if suspects utilize computer-tracked cars to evade detection. Before integrating self-driving cars, we must address these moral dilemmas and establish fair, privacy-protective protocols, especially considering the implications of law enforcement overrides on citizen rights.\n\n**Employment Implications:**\nThe reliance on computer systems as sole drivers would lead to widespread job losses among professional drivers, as well as in related sectors like car insurance and traffic guidance. Managing this transition, which could destabilize society, requires significant preparatory efforts from public institutions and governments to upskill the workforce and foster new, supportive industries. This process is time-consuming and may yield unsatisfactory outcomes.\n\n**Conclusion:**\nWhile self-driving cars represent a potential catalyst for industrial change, we should not assume that innovation inherently benefits societal development. Given current technological and legal landscapes, self-driving cars may not offer the anticipated advantages. Therefore, we must exercise caution when considering the integration of such transformative technologies into our society. ", "rating": 3}