{"source": "rev1", "topic_id": "Self-driving cars", "graph_id": "draft1_2018argrewrite_53.txt", "text_type": "text1", "text": "As the years go by, our society, especially American society, continues to reach farther and farther into the future.  One of the up-and-coming debates of recent years is self-driving cars.  While they are still in their infancy, self-driving cars have both potential advantages and disadvantages for future use.  Some of the advantages include a reduction in motor vehicle accidents for the general population.  There are many reasons as to why this may occur.  First, there are no opportunities for a computer to become distracted while driving.  Another reason is that a computer uses several different complicated algorithms to determine appropriate stopping distance, distance from another vehicle, and plenty of other data that would decrease the chances of a car accident dramatically.  Self-driving cars would also be beneficial for disabled individuals who mainly have to rely on public transportation or assistance to get around.  While the self-driving car has its advantages, it also has disadvantages as well.  The cost of implementing self-driving cars is tremendous and possibly too much for the individual citizen to be able to pay for.  Along with the cost, there is the implication that if self-driving cars are adopted and widely used, this could have a negative impact on public transportation that was already in existence.  For example, taxi drivers, buses, etc.  Furthermore, self-driving cars have a lot of unknowns simply because they haven't been put out for widespread use in our society.  \nI think that self-driving cars, if implemented correctly would be a good thing to push society further into the future.  However, at this stage self-driving cars are not beneficial to society.  Ideally, cars that are controlled by computers could reduce accidents.  With that said, there are so many unknowns that, at this point, would not be beneficial to society.  For example, one of the cons for self-driving cars is adaptation.  It's unclear as to how self-driving cars would maneuver through roadblocks or unique local driving laws.  Computers could have difficulty identifying the different local and state rules with regard to the road.  Another issue for self-driving cars is reliability.  If I'm going to put my life in the hands of a self-driving car, personally I would need to know that it is guaranteed not to malfunction.  As of now, there's no guarantee.  The main point for the counter argument for self-driving cars being beneficial to society is that it will reduce accidents.  However, I don't see that as a strong point.  There's absolutely no guarantee that accidents will be reduced because there is no evidence that the computer in the self-driving car would be able to adapt to certain conditions that might cause an accident.  Further, isn't it a possibility for computers to still make mistakes?  With this said, while self-driving cars may be beneficial to society at some point down the road, there still needs to be a lot more testing done to ensure and fully guarantee the safety of passengers.  As of now, with so many unknown problems, self-driving cars are not beneficial to society.", "rating": 3}