{"source": "rev1", "topic_id": "Self-driving cars", "graph_id": "draft1_2018argrewrite_102.txt", "text_type": "text2", "text": "\n\nThe notion of self-driving cars, once deemed a distant future concept, has rapidly become a tangible reality. While the initial allure of innovation is enticing, it is crucial to acknowledge the significant drawbacks that accompany such revolutionary technology. Proponents argue that self-driving cars could utilize computer algorithms to reduce car accidents, drunk driving, traffic congestion, and potentially increase speed limits. However, a thorough examination reveals that the disadvantages outweigh the advantages due to substantial risks.\n\n**Economic and Employment Concerns**\n\nThe introduction of self-driving cars would precipitate widespread unemployment in the transportation sector, affecting not only taxi drivers, bus drivers, and car instructors but also the gasoline industry and auto manufacturers. This would jeopardize two of America's most lucrative industries, posing an unacceptable risk to the economy. Furthermore, the exorbitant cost of self-driving cars (estimated at $100,000 due to advanced engineering, software, sensors, and computer requirements) renders them inaccessible to the average American citizen. Contrary to proponents' claims, self-driving cars are not a viable solution for cities with inadequate public transportation, as this would likely lead to the demise of public transportation systems, further exacerbating affordability issues.\n\n**Security and Safety Risks**\n\nIntegrating computers into vehicles introduces inherent vulnerabilities, including the potential for identity theft due to the extensive personal data (e.g., bank account information) stored in the software. This poses a significant safety hazard, as self-driving cars are designed for ideal scenarios and are susceptible to technological failures. Inclement weather conditions, such as heavy rain or snow, can incapacitate laser sensors. Additionally, navigating through hazards, detours, accidents, and complying with varying road laws across different states would pose considerable challenges. The reliance on GPS, which can sometimes provide inaccurate directions, further increases the risk of vehicles taking dangerous detours.\n\n**Conclusion**\n\nWhile self-driving cars might thrive in a flawless, hypothetical society, the United States is far from achieving such a scenario. Given the numerous, unresolved flaws and the need for flawless testing, it is premature to consider overhauling the automobile industry. Promise and opportunity alone are insufficient justifications for the widespread adoption of self-driving cars at this juncture. ", "rating": 4}