{"source": "rev1", "topic_id": "Self-driving cars", "graph_id": "draft1_2018argrewrite_100.txt", "text_type": "text2", "text": "\n\nCar accidents have plagued the United States for decades, with the Centers for Disease Control reporting over 33,000 annual fatalities from traffic incidents. In response, researchers have been exploring potential solutions, with self-driving vehicles gaining popularity as a purported answer. While some see this as a silver bullet to eliminate car accidents, I remain skeptical about its efficacy.\n\nOn one hand, self-driving cars may mitigate accidents caused by distraction, a leading factor in American car crashes, as computers are less prone to distraction. Additionally, they could significantly reduce drunk driving incidents, saving countless lives. \n\nOn the other hand, several concerns undermine the viability of self-driving vehicles. Firstly, the exorbitant production costs raise questions about their environmental sustainability. Moreover, widespread adoption could lead to substantial job losses in the transportation and gasoline industries. \n\nFurthermore, increased reliance on self-driving technology may erode the public's ability to operate motor vehicles, posing a significant risk in the event of a malfunction. The driver's limited knowledge could exacerbate the situation, potentially leading to accidents. This concern is particularly pertinent in areas frequently affected by snow or rain, where computer-based cars struggle to maintain a high level of safety.\n\nIn conclusion, while self-driving vehicles may offer some benefits, I firmly believe they are not a panacea for eliminating car accidents. The substantial investment required does not guarantee safety, and the potential consequences \u2013 including job losses and compromised road safety in adverse weather conditions \u2013 outweigh the potential advantages. As we consider integrating self-driving cars into our future, it is crucial to assess how this technology will interact with human drivers and the broader driving environment. ", "rating": 4}