{"source": "rev1", "topic_id": "Self-driving cars", "graph_id": "draft1_2018argrewrite_18.txt", "text_type": "text1", "text": "The advent of self-driving cars promises to revolutionize the 21st century with unparalleled innovation. The prospect of owning one is thrilling, offering unparalleled convenience and flexibility. Here are the key benefits:\n\n* **Enhanced Productivity and Leisure**: Imagine commuting while sightseeing, enjoying a beverage, or working from the comfort of your vehicle.\n* **Efficient Traffic Management**: Self-driving cars utilizing the platooning effect will maintain optimal speeds, eradication of traffic jams caused by impatient human drivers.\n* **Economic Savings**:\n\t+ Reduced taxes from decreased policing for minor infractions.\n\t+ Elimination of car insurance premiums.\n* **Health Benefits**: With cars dropping off passengers closer to their destinations, people might engage in more physical activity, walking shorter distances.\n* **Environmental Advantages**: \n\t+ Reduced traffic congestion.\n\t+ Potential decrease in the number of trucks on the road with the introduction of 24/7 self-driving delivery vehicles, leading to lower emissions.\n\n**Addressing Concerns:**\n\n* **Legal and Liability Issues**: These will be resolved over time, with initial faults likely attributed to human error, prompting further technological refinement.\n* **Job Displacement**: While some jobs (e.g., truck driving) might be impacted, new opportunities in sectors like retail, healthcare, and the burgeoning self-driving car industry itself will emerge. Workers may need to adapt through reeducation.\n* **Accessibility and Affordability**:\n\t+ Initially, these cars will cater to the educated and affluent, but as with all technology, prices will decrease, making them accessible to the broader population.\n\t+ A significant improvement in mobility for the disabled, enabling easy transportation to medical appointments without reliance on specialized services.\n\n**Societal and Systemic Benefits:**\n\n* **Reduced Court Cases**: With self-driving cars adhering strictly to speed limits, lights, and stop signs, the judicial system will see a decrease in traffic-related cases.\n* **Infrastructure Development**: The implementation of self-driving cars will create millions of high-quality jobs, further contributing to their eventual affordability for all.\n\nIn conclusion, the future with self-driving cars is not only exciting but also promising in terms of efficiency, economy, health, and environmental sustainability. The wait for their widespread availability will be worthwhile, ushering in a new era of transportation and societal advancement.", "rating": 3}