{"source": "rev1", "topic_id": "Self-driving cars", "graph_id": "draft1_2018argrewrite_24.txt", "text_type": "text1", "text": "\n\nAs the world welcomes the emergence of new technologies, the introduction of autonomous, or self-driving, cars sparks a debate on their safety compared to human-driven vehicles. With ongoing testing in several US cities, this topic has become a focal point in the public health and wellness discussion. Since many cars already feature basic autonomous technologies like automatic braking, self-parking, and object detection sensors, a future with self-driving cars may be closer than anticipated.\n\n**Safety: A Significant Advantage**\nThe primary benefit of self-driving cars lies in their enhanced safety features. Given that the majority of car accidents are caused by distracted driving, removing the human element significantly reduces danger. Computers, as ideal drivers, remain untired, maintain perfect eyesight, and avoid distractions, drugs, and alcohol. Utilizing precise algorithms to calculate speed and stopping distance, computers dramatically decrease the accident risk.\n\n**Additional Benefits of Autonomous Driving**\nBeyond safety, self-driving cars offer numerous positive outcomes:\n- **Traffic Optimization**: Inter-vehicle communication can identify traffic issues, reducing commute times and increasing road capacity.\n- **Increased Mobility**: Individuals with disabilities gain more transportation options.\n- **Law Enforcement**: Police can focus on more pressing crimes, reducing time spent on traffic stops.\n- **Convenience**: With reduced parking and DMV hassles, people can allocate time more efficiently.\n\n**Challenges and Concerns**\nDespite the advantages, several drawbacks are anticipated:\n- **Economic Impact**: High implementation costs and potential job losses in transportation, as well as strain on the gas industry due to a shift towards electric vehicles.\n- **Technological Flaws**:\n  - **Limited Situational Awareness**: Computers may struggle with roadblocks or human hand signals.\n  - **Weather Vulnerability**: External sensors are susceptible to severe weather damage.\n  - **Cybersecurity Risks**: Dependence on technology increases the risk of data breaches.\n  - **Emergency Takeover Scenarios**: Uncertainty surrounds the ability of unexperienced drivers to take control in case of technology failure or GPS outage.\n\n**A Balanced Perspective**\nWhile a fully autonomous driving society is still on the horizon, it's clear that we're moving in that direction. Self-driving cars offer substantial benefits in safety, inclusivity, environmental impact, and time/traffic management. However, addressing the raised concerns is crucial before widespread adoption. The potential job losses in transportation will be offset by new opportunities in technology and manufacturing. The empowerment of people with disabilities, the elderly, and the unlicensed through increased mobility is a powerful incentive. In conclusion, self-driving cars will likely overcome current hurdles and become a part of our near future, initially in a limited capacity. ", "rating": 4}