{"source": "rev2", "topic_id": "Self-driving cars", "graph_id": "draft1_2018argrewrite_102.txt", "text_type": "text2", "text": "\n\nThe concept of self-driving cars, once considered a distant future innovation, is now a tangible reality. While the initial reaction might be enthusiasm for the novel idea, it's essential to acknowledge the critical drawbacks that often accompany revolutionary technologies. Proponents argue that self-driving cars could utilize computer algorithms to reduce car accidents, drunk driving, and traffic congestion, while potentially increasing speed limits. However, a closer examination reveals that the risks and dangers associated with their implementation outweigh these benefits, making their integration into society inadvisable at this time.\n\n**Economic Concerns and Unemployment**\nThe introduction of self-driving cars would significantly impact the job market, leading to widespread unemployment in the transportation sector. This would not only affect taxi drivers, bus drivers, car instructors, and personal injury lawyers but also have a ripple effect on the gasoline industry and auto manufacturers, two of America's largest revenue-generating industries. An additional barrier to adoption is the prohibitively high cost of these vehicles, estimated at $100,000 due to the sophisticated engineering, software, sensors, and power/computer requirements. Contrary to the notion that self-driving cars could resolve public transportation inadequacies in cities, their adoption would likely lead to the demise of public transportation systems, further pricing out the average American citizen.\n\n**Security and Safety Risks**\nIntegrating computers into vehicles inherits all the vulnerabilities of computer systems, including the risk of identity theft due to the extensive personal and financial data (e.g., bank account information) required for operation. This poses a significant safety hazard, as self-driving cars are optimized for ideal scenarios and are susceptible to technological failures. Inclement weather conditions, such as heavy rain or snow, can cripple laser sensors, and navigating through hazards, detours, accidents, and complying with varying road laws across different states poses additional challenges. The reliance on GPS, which can sometimes provide inaccurate directions, further exacerbates the potential for dangerous misroutes.\n\n**Conclusion: Premature Implementation**\nWhile self-driving cars could thrive in a flawless, ideal society, the current world, with its inherent complexities and imperfections, is not yet ready. Any consideration of overhauling the automobile industry should be contingent upon flawless testing and the absence of significant flaws. At present, the promise and potential of self-driving cars are insufficient to justify their full-scale adoption, making it prudent to postpone such a monumental shift. ", "rating": 5}