{"source": "rev2", "topic_id": "Self-driving cars", "graph_id": "draft1_2018argrewrite_24.txt", "text_type": "text2", "text": "\n\nAs the world witnesses the emergence of self-driving cars, a dual-edged narrative unfolds, echoing the introduction of any groundbreaking technology. With ongoing testing in numerous cities, the debate surrounding the safety of autonomous vehicles versus human-driven cars has gained significant media attention. Notably, many modern cars already feature rudimentary autonomous technology, such as autonomous braking, self-parking, and object detection sensors, hinting that a fully autonomous future may be closer than anticipated.\n\n**Safety: The Paramount Advantage**\nA compelling argument in favor of self-driving cars is their potential to drastically enhance road safety. Given that the majority of car accidents stem from human error, computers emerge as ideal drivers, impervious to fatigue, visual impairments, distractions, substance influence, and other human frailties. By leveraging precise algorithms to calculate speed, stopping distances, and process collected data, the likelihood of accidents is significantly minimized.\n\n**Far-Reaching Benefits Beyond Safety**\nAutonomous driving promises a plethora of additional advantages:\n- **Traffic Optimization**: Self-driving cars, through inter-vehicle communication, can identify and mitigate traffic bottlenecks, reducing commute times and increasing road capacity.\n- **Enhanced Mobility for the Disabled**: Autonomous vehicles offer unprecedented independence for individuals with disabilities.\n- **Law Enforcement Efficiency**: With reduced need for traffic stops, police can focus on more pressing crimes.\n- **Increased Productivity and Reduced Hassles**: Commuters can utilize travel time more effectively, and the complexities of parking and DMV processes are diminished for drivers.\n\n**The Anticipated Drawbacks**\nDespite the myriad benefits, several challenges are foreseen:\n- **Economic Impact**: The high cost of autonomous technology may limit adoption, affecting the gas industry and potentially rendering certain jobs (e.g., driving-related services, freight, and taxi drivers) obsolete.\n- **Technological Vulnerabilities**:\n  - **Infrastructure Challenges**: Computers may struggle with reading human signals or navigating roadblocks.\n  - **Weather Sensitivity**: External sensors are susceptible to severe weather conditions.\n  - **Cybersecurity Risks**: The potential for hacking poses a significant threat.\n  - **Technology Failure Scenarios**: The reliance on a human takeover in case of failure raises concerns, especially for inexperienced drivers, GPS failures, or sensor malfunctions.\n\n**A Balanced Perspective**\nAlthough a fully autonomous driving society is likely a distant prospect, the trajectory is undoubtedly towards increased autonomy. I firmly believe that the benefits of self-driving cars\u2014in terms of safety, inclusivity, environmental impact, and time/traffic efficiency\u2014will ultimately outweigh the drawbacks. Most of the cons are transient and solvable with advancements in technology, cybersecurity, and infrastructure. While job losses in transportation are anticipated, the manufacturing sector of these vehicles is poised to create new employment opportunities. Ultimately, self-driving cars could revolutionize mobility for the elderly and disabled, offering them unprecedented independence. ", "rating": 4}