{"source": "rev2", "topic_id": "Self-driving cars", "graph_id": "draft1_2018argrewrite_79.txt", "text_type": "text2", "text": "In today's era of rapid innovation, self-driving cars have emerged as a polarizing technology in the United States. Proponents argue that it will enhance fuel efficiency, drastically reduce road fatalities, and empower disabled and elderly individuals with unprecedented independence. Conversely, critics highlight concerns such as compromised performance in adverse weather, difficulties with unique road conditions and non-mechanical traffic signals, high vehicle costs, and widespread consumer apprehension.\n\n**Personally, I firmly believe the benefits of self-driving cars far surpass the drawbacks.** Key advantages include:\n\n1. **Enhanced Safety**: Self-driving cars offer a secure platform to significantly decrease motor vehicle accident-related fatalities and injuries, leveraging computers that are immune to distractions, fatigue, and intoxication. With up to 81% of accidents attributed to human error, this technology can prevent countless lives and debilitating injuries.\n2. **Efficient Transportation**: By \"platooning\" (driving in coordinated packs), self-driving cars can optimize traffic patterns, increasing road capacity while reducing commute times and fuel consumption, thereby saving consumers money on gasoline.\n3. **Empowering the Disabled and Elderly**: Self-driving cars can revolutionize the lives of those unable to drive, restoring independence and mitigating the negative impacts of driving cessation, as evidenced by a Department of Transportation study highlighting increased depressive symptoms, loss of autonomy, financial burdens, and social isolation among elderly non-drivers.\n\n**Acknowledging Valid Concerns:**\nWhile legitimate, the drawbacks of self-driving cars\u2014technological immaturity, poor performance in adverse weather, difficulties with human traffic signals, and consumer resistance\u2014can be addressed through **ongoing development and refinement**. As the technology advances and hurdles are overcome, these risks will diminish, paving the way for widespread acceptance and the realization of self-driving cars' transformative potential.", "rating": 3}