{"source": "rev2", "topic_id": "Self-driving cars", "graph_id": "draft1_2018argrewrite_100.txt", "text_type": "text1", "text": "\nCar accidents have plagued the United States for decades, with devastating consequences: according to the Centers for Disease Control, 33,000 lives are lost annually to traffic incidents. In response, researchers have been exploring potential solutions, with self-driving vehicles frequently proposed as a silver bullet. While some hail this innovation as a panacea for eliminating car accidents, others, including myself, remain skeptical.\n\nInitially, self-driving cars appear promising. By minimizing distractions \u2013 a leading cause of accidents in America \u2013 and drastically reducing drunk driving incidents, they could indeed save countless lives. However, upon closer examination, several significant concerns arise.\n\nFirstly, the technological requirements for self-driving vehicles come with a hefty price tag, estimated by Luminar CEO Austin Russell to be $300,000 to $400,000 per car. This substantial cost raises questions about their feasibility. Furthermore, widespread adoption of self-driving, electric vehicles could lead to widespread job losses in the gasoline industry, as the need to fill gas tanks diminishes.\n\nMoreover, over-reliance on this technology could erode our ability to operate motor vehicles manually, posing a significant risk in the event of a malfunction. If a driver with limited operational knowledge is faced with a technical failure, the consequences could be dire.\n\nIn my opinion, self-driving vehicles are not a viable solution to eliminating car accidents. The exorbitant costs, potential job losses, and limitations in certain weather conditions outweigh any perceived benefits. Moreover, the long-term implications of integrating advanced autonomous technology with human drivers and the broader driving environment remain unclear. As we consider a future with more self-driving cars, we must carefully weigh these factors to ensure that our pursuit of innovation does not compromise safety or societal well-being. ", "rating": 5}