{"source": "rev2", "topic_id": "Self-driving cars", "graph_id": "draft1_2018argrewrite_72.txt", "text_type": "text1", "text": "\n\nThe integration of self-driving cars into our society is no longer a distant concept, but a present reality, with pioneers like Google leading the charge. As with any emerging technology, concerns and potential benefits abound. However, a closer examination reveals that the advantages of widespread adoption far outweigh the perceived drawbacks. It's time to embrace this future, starting with the integration of self-driving cars.\n\nConcerns about trusting machines are understandable. The potential for humans to forget how to drive in times of crisis, fear of software malfunctions leading to accidents, and apprehensions about data collection and management are all valid. The data revolution, while offering personalized experiences, also raises questions about privacy and security. Yet, it's crucial to acknowledge that these concerns, though legitimate, should not hinder the progress of this innovation.\n\nThe benefits of self-driving cars are multifaceted, with the most significant being the gift of time. A fully automated, interconnected traffic system could normalize high-speed travel, eliminate tailgating risks, and significantly reduce pedestrian accidents. This efficiency would streamline daily commutes, simplify city driving with autonomous parking, and, most importantly, grant users a considerable amount of extra time. This time could be utilized for connecting with loved ones, eating, reading, watching TV, or even sleeping during commutes. The value of this freed time cannot be overstated.\n\nFor those still unconvinced, it's worth noting that if trust can be placed in airplanes, trains, subways, and motorized scooters, then self-driving cars, which build upon existing safe technologies like parallel park assist, rear cameras, blind spot monitoring, and emergency stopping, should not be a significant leap of faith. \n\nThe future of transportation is upon us. While moral and technical challenges will inevitably arise, they can be addressed once the foundation is laid. Let us seize this opportunity and give self-driving cars the chance to revolutionize our daily lives. ", "rating": 4}