{"source": "rev2", "topic_id": "Self-driving cars", "graph_id": "draft1_2018argrewrite_55.txt", "text_type": "text2", "text": "\n\nProponents of self-driving cars highlight the benefits for individuals with disabilities, potential urban traffic elimination, and a significant reduction in collisions, injuries, and fatalities due to driver error. However, skeptics raise valid concerns about the technology's high cost, vulnerability to software bugs and hacking, and the psychological impact of ceding control to a computer. A pragmatic evaluation of self-driving cars reveals they are not yet viable as a replacement for our current infrastructure.\n\nA compelling counterargument lies in the concept of critical mass: the benefits of self-driving cars in terms of cost, time, and lives are only substantial when they surpass human-driven vehicles in prevalence. The time required to reach this critical point is a significant issue, given the considerable upfront cost of self-driving technology, even with economies of scale.\n\nA nuanced cost-benefit analysis is essential. While even skeptics might agree that reducing the approximately 40,000 annual automobile-related deaths justifies the economic cost, this analysis only tells part of the story. The costs \u2014 including fleet upgrades for businesses, manufacturing overhauls, and individual purchases \u2014 are largely incurred upfront. In contrast, the benefits, such as enhanced speed, convenience, and safety, are most pronounced when the majority of vehicles on the road are self-driving. For instance, a fully self-driving, networked city could eliminate the need for traffic lights, with cars coordinating among themselves. However, a city with only 25% self-driving cars remains tied to outdated technology.\n\nThe temporal disconnect between upfront costs and future benefits fosters skepticism among pragmatic decision-makers. Currently, the incentives for adopting self-driving cars do not outweigh the expenses. The cost is too high for the uncertain promise of potential, future advantages, making immediate adoption unviable. ", "rating": 3}