{"source": "rev2", "topic_id": "Self-driving cars", "graph_id": "draft1_2018argrewrite_18.txt", "text_type": "text1", "text": "\n\nI strongly support the adoption of self-driving cars and plan to be among the first in line to purchase one once they're widely available. The primary advantage of these vehicles lies in their reliance on artificial intelligence, which is unbiased and immune to distractions, thereby drastically reducing accidents caused by human error, as supported by all relevant statistics.\n\nThe implementation of self-driving cars would have a multifaceted positive impact on society:\n\n* **Enhanced Road Safety**: With machines adhering strictly to speed limits, stop signs, and traffic lights, the need for traffic enforcement could decrease, potentially saving millions of tax dollars.\n* **Reduced Insurance Costs**: The significant decrease in accidents would likely lead to a reduction, if not elimination, of car insurance, further benefiting consumers.\n* **Boost to Productivity and Economy**: With the ability to work, relax, or entertain oneself during travel, productivity would increase, potentially boosting the economy.\n* **Environmental Benefits**: Efficient parking strategies, such as dropping off passengers and then parking in less convenient spots, would save fuel. Additionally, self-driving cars could optimize routes, further reducing emissions.\n* **Increased Accessibility**: Smaller, more efficient vehicles could be used for transporting individuals with disabilities to appointments, replacing larger, less efficient access buses.\n* **Logistical Advantages**: Autonomous trucks could operate around the clock without the need for driver rest, potentially lowering the cost of goods by reducing labor and operational costs.\n\nRegarding concerns:\n\n* **Job Elimination vs. Creation**: While certain jobs may be lost, the infrastructure and maintenance of self-driving cars would create new, well-paying positions. Service sector jobs are also abundant and could absorb those displaced.\n* **Affordability**: Similar to the historical trend with electronic technology (e.g., phones, TVs), the cost of self-driving cars would likely decrease over time, making them more accessible.\n* **Technological Challenges and Liability**:\n\t+ **Perfection of Technology**: Achieving flawless operation is critical and will require significant time and investment.\n\t+ **Maintenance of Satellite Infrastructure**: The costs, and the entity responsible, pose significant logistical challenges.\n\t+ **Liability in Accidents**: Determining fault (manufacturer, infrastructure, or passenger) would require new legal frameworks, but could ultimately lead to a reduction in legal disputes and costs associated with accidents.\n\nWhile resolving these challenges may take decades, the potential benefits of self-driving cars make them poised to be one of the most transformative phenomena of this century, driven forward by innovative solutions from highly skilled professionals. ", "rating": 3}