{"source": "rev2", "topic_id": "Self-driving cars", "graph_id": "draft1_2018argrewrite_53.txt", "text_type": "text2", "text": "\n\nAs our society continues to advance, the debate over self-driving cars has gained significant attention. While still in their infancy, self-driving cars present both potential benefits and drawbacks for future use.\n\n**Advantages:**\n1. **Enhanced Road Safety**: Self-driving cars can significantly reduce motor vehicle accidents due to their ability to remain focused at all times, leveraging complex algorithms to optimize stopping distances and vehicle spacing.\n2. **Increased Mobility for the Disabled**: These vehicles offer unparalleled freedom for individuals with disabilities, who often rely on public transportation or assistance for mobility.\n\n**Disadvantages:**\n1. **Prohibitive Implementation Costs**: The expense of integrating self-driving technology may be unaffordable for the average citizen.\n2. **Negative Impact on Existing Public Transportation**: Widespread adoption could lead to job losses among taxi drivers, bus operators, and other public transportation workers.\n3. **Uncertainty and Unaddressed Challenges**:\n   - **Adaptability**: Unclear how self-driving cars will navigate through roadblocks or comply with diverse local and state driving regulations.\n   - **Reliability Concerns**: No current guarantee against malfunctions, which is a critical safety concern.\n   - **Potential for Error**: The possibility of computer mistakes, even with advanced algorithms, undermines the argument that accidents will definitively decrease.\n\n**Conclusion:**\nWhile self-driving cars hold promise for pushing society forward, their current stage of development renders them more detrimental than beneficial. The need for extensive testing to guarantee passenger safety and address the myriad unknown challenges cannot be overstated. Until then, the potential benefits, including reduced accidents, remain speculative without concrete evidence to support their efficacy in real-world, unpredictable conditions. ", "rating": 4}