{"source": "rev2", "topic_id": "Self-driving cars", "graph_id": "draft1_2018argrewrite_102.txt", "text_type": "text1", "text": "The idea of having self-driving cars may have seemed far away into the future until now. Or is it? The first reaction would be to love the new, innovative idea. However, every time technology introduces a revolutionary invention; it is always met with various critical drawbacks. If possible, self-driving cars could lower car accidents and drunk driving with the use of computer algorithms, reduce traffic, and create higher speed limits through computer operations. Nevertheless, this would have worse results. Self-driving cars cannot be implemented in society because of the potential risks and dangers that may occur in the future.\n\nThe creation of self-driving cars would cause unemployment in the transportation sector. Not only will taxi drivers, bus drivers, car instructors, workers, and personal injury lawyers lose their jobs, but the gasoline industry and auto manufacturers will suffer the same fate. America cannot afford to risk losing two of the biggest industries that create large amounts of revenue. On top of that, self-driving cars would not be consumer friendly. The average American citizen would not be able to purchase these cars because of the high cost. The engineering, software, sensors, and power/computer requirements itself costs $100,000. However, proponents of the new innovation still say that the solution to cities that have inadequate public transportation is self-driving cars. This is a clear misconception because public transportation would cease to exist and people would not be able to afford the new cars. Ultimately, the adoption of self-driving cars is a bad choice that will negatively affect the workers and the economy.\n\nAnother huge risk is security and safety. Implementing computers in cars would bring all the vulnerabilities of the computer with it. Issues regarding identity theft are unavoidable because of the extensive amounts of information that must be stored in computers for the car to operate. Personal data in the software such as bank account information could be stolen by hackers. This issue also brings up a safety hazard because self-driving cars are only suited for the perfect scenario and deemed to technological failures. In bad weather situations such as heavy rain and snow, laser sensors will fail. In addition, self-driving cars would have a hard time driving through hazards, detours, accidents, and on roads of different areas because of the road laws in each state. Although the use of GPS maps has aided a lot of drivers today, there are times where the directions are inaccurate. Since self-driving cars rely on the GPS, there is a possibility in which cars could take dangerous turns off the road.\n\nIn a perfect society, self-driving cars can definitely exist. In our world today, America is far from it. Only if there are no flaws and testings come out perfect will there be a serious discussion of overhauling the automobile industry. However, it seems foolish to start this now. Promise and opportunity are not enough to fully adopt self-driving cars.", "rating": 3}