{"source": "rev3", "topic_id": "Self-driving cars", "graph_id": "draft1_2018argrewrite_75.txt", "text_type": "text1", "text": "\n\nBehind our ever-evolving society is the transformative power of technology, enhancing efficiency in daily life and saving precious time. However, when applied to complex systems like self-driving cars, numerous challenges arise. Despite touted benefits such as reduced accidents and driving time, significant drawbacks persist, including substantial expenses, potential technology failures, and concerns over job elimination in transportation sectors. Until these issues are adequately addressed, self-driving cars remain overly ambitious and potentially hazardous. Their current technological flaws outweigh their societal benefits.\n\nProponents highlight the efficiency of self-driving cars in reducing congestion and driving time, thereby saving money in the long run. Advanced algorithms enable precise navigation, but achieving this sophistication requires considerable time and financial investment in research and development. This investment is crucial for ensuring consumer safety and satisfaction, mitigating potential lawsuits. However, even with advanced complexity, these systems struggle to replicate human interaction, such as understanding police directions or hand signals during traffic light failures. High intelligence technology still falters in comprehending variable human communication cues.\n\nThe possibility of accidents with self-driving cars also remains a concern. While they aim to reduce crashes caused by human instability or poor judgment (e.g., driving under the influence or diminished senses with age), the risk of accidents is not eradicated. Issues arise when a car's self-driving technology fails, leaving an unstable driver unable to intervene, or when weather conditions (like heavy rain or snow damaging the roof sensor) compromise safety. This raises a critical question: what happens when the self-driving technology fails? The role of the human driver in a self-driving car is notably ambiguous, as these autonomous vehicles inherently remove control from the driver.\n\nIn the allure of emerging technologies, from smartphones to headphones, it's easy to get captivated. With self-driving cars, it's crucial not to be swayed by their promise without scrutinizing their implementation. While their potential warrants exploration, the current state of self-driving cars is underdeveloped, offering no tangible benefits to society due to the myriad unresolved issues requiring significant time and effort to rectify. ", "rating": 5}