{"source": "rev3", "topic_id": "Self-driving cars", "graph_id": "draft1_2018argrewrite_59.txt", "text_type": "text1", "text": "\n\nSelf-driving cars are expected to emerge within the next several years, sparking intense debate about their potential impact. While some envision a safer, more efficient future, others vehemently oppose their development. Proponents argue that self-driving cars will minimize accidents (attributed to human error in 81% of cases), enhance transportation for the disabled, and optimize emergency services. Conversely, opponents highlight the challenges of implementation and the subsequent troubles. \n\nUpon thorough analysis of the benefits and drawbacks, I firmly believe that self-driving cars pose more societal detriments than benefits. Firstly, their projected commercial price of $100,000, largely due to sophisticated machinery like sensors and cameras, will render them inaccessible to most, given the global average household income of approximately $2,500. This exclusivity undermines the potential benefits, as only the affluent will be able to afford them.\n\nFurthermore, the introduction of self-driving cars will precipitate significant societal disruption. The inevitable extension of this technology to trucks, buses, planes, and trains will obviate the need for human operators, potentially displacing millions in the transportation sector. This could lead to prolonged unemployment, increased crime rates as individuals seek alternative means of sustenance, and a decline in consumer spending. The resultant loss of revenue will adversely affect businesses, both small and large, ultimately harming the economy.\n\nLastly, the vulnerability of self-driving cars to hacking, as noted by The Guardian, compromises their primary safety advantage. The ease with which hackers could manipulate these vehicles to cause accidents undermines the fundamental rationale for their development.\n\nIn conclusion, self-driving cars present more problems than solutions for society, primarily due to their exorbitant cost, the substantial job losses and resultant economic strain, and their susceptibility to hacking, which negates their safety benefits. ", "rating": 4}