{"source": "rev3", "topic_id": "Self-driving cars", "graph_id": "draft1_2018argrewrite_46.txt", "text_type": "text2", "text": "\nIt's challenging to pioneer innovative technologies, especially when they revolutionize familiar concepts, such as driverless vehicles. Imagining roads without drivers is still difficult, making it hard for developers to fully articulate the benefits of self-driving cars.\n\n**Primary Advantage: Enhanced Road Safety**\nStatistical data on car accidents consistently points to human error as the leading cause. This glaring issue likely motivated the creation of self-driving cars. Test drives have shown promising results, indicating a potential significant decrease in accident rates, which could save millions of lives and dollars. However, critics argue about the technology's reliability in severe weather conditions like heavy rain or fog.\n\n**Financial Savings: A Two-Fold Benefit**\n1. **Reduced Insurance Costs**: Owners of self-driving cars may enjoy lower insurance premiums or possibly none at all.\n2. **Energy Efficiency and Environmental Sustainability**: Powered by electricity, these cars not only save owners money on fuel but also contribute to a more sustainable environment. \nSome might counter that the high initial cost (approximately $100,000 on average) outweighs these savings. However, as competition among manufacturers increases, prices are likely to decrease in the future.\n\n**Time Efficiency: A Bonus Advantage**\nWith self-driving cars, the traditional process of driving courses and licensing exams becomes obsolete. While there may still be a learning curve for operating these vehicles, it's significantly less time-consuming than obtaining a driver's license.\n\n**Conclusion**\nThe benefits of self-driving cars\u2014enhanced safety, financial savings, and time efficiency\u2014clearly outweigh the drawbacks. While minor issues exist, it's plausible that the near future will see a proliferation of self-driving cars on our streets, preventing accidents, saving resources, and streamlining mobility. ", "rating": 4}