{"source": "rev3", "topic_id": "Self-driving cars", "graph_id": "draft1_2018argrewrite_9.txt", "text_type": "text2", "text": "\nSelf-driving vehicles promise a transformative impact on society, offering numerous benefits that can improve the daily lives of individuals and communities. These advantages include a significant decrease in fatalities, reduced commute times, lower expenditures on mass transit, economic growth, and enhanced transportation options for the disabled.\n\n**Enhanced Safety and Economic Benefits**\n\n* Approximately 81% of car crashes are attributed to human error, resulting in around 33,000 potentially preventable traffic-related deaths annually. Self-driving vehicles, by mitigating human error through computer-driven precision, can drastically reduce these statistics.\n* The U.S. Department of Transportation values a life at $9.2 million. Widespread adoption of self-driving vehicles, with their inherent cautionary measures (as noted by Chris Urmson, Director of Google's self-driving car division), will lead to safer roads, prompting insurance companies to lower premiums to remain competitive.\n\n**Economic Growth and Infrastructure Relief**\n\n* As self-driving vehicles become more common, production costs will decrease due to increased efficiency and competitiveness, making them more accessible to consumers.\n* Seven agencies have initiated self-driving vehicle development, driving innovation and cost reduction through more efficient production and distribution methods. These savings will trickle down to local and state governments, reducing mass transit expenditures.\n* The decreased reliance on public transportation will alleviate the financial burden on crumbling or nonexistent local infrastructures, leading to plummeting city bus and train maintenance costs, with the savings ultimately benefiting tax-paying citizens.\n\n**Addressing Employment Concerns and Technological Challenges**\n\n* While the adoption of self-driving vehicles may reduce the need for public transportation and taxi services, it will also create new employment opportunities in fields such as engineering, auto mechanics, road repair, and sales, positively impacting economies.\n* The concern of vehicle malfunctions, such as the recent incident involving a self-driving vehicle failing to identify a stopped police car, highlights the importance of continuous improvement in identification systems and algorithms. However, with attentive drivers and evolving safety measures, such risks can be significantly mitigated.\n\n**Conclusion**\n\nBoth supporters and opponents of self-driving vehicles have valid concerns. However, if a monetary value can be placed on a human life, shouldn't we strive to reduce the financial and emotional costs associated with preventable deaths? The ongoing development and adoption of self-driving vehicles, with their capacity to correct issues of distraction (drunk, tired, and distracted driving) more effectively than humans, present a compelling solution. As these vehicles evolve, they will undoubtedly make our roads safer for everyone. ", "rating": 4}