{"source": "rev3", "topic_id": "Self-driving cars", "graph_id": "draft1_2018argrewrite_51.txt", "text_type": "text1", "text": "\nThere are both advantages and disadvantages to adopting self-driving cars. Proponents argue that human error, often caused by distraction or poor judgement, is a primary contributor to accidents, and that autonomous driving can positively impact the future by eliminating traffic congestion and enhancing mobility for the disabled. \n\nHowever, several concerns surround self-driving cars. The high cost of components, likely to be borne by consumers, raises questions about affordability. Moreover, durability is a concern, both in terms of hardware resilience (e.g., snow-covered sensors) and cybersecurity (e.g., algorithm exploitation by malicious hackers). The vast data requirements for vehicle localization also spark significant privacy concerns.\n\nAs technology increasingly replaces human roles across society, from manufacturing to communication, a pivotal question arises: not how far can we replace humans, but how far should we? This query is pertinent as companies like Google and Tesla advance autonomous driving capabilities. While demonstrations showcase the industry's feasibility, it's crucial to assess whether self-driving cars truly benefit society.\n\nPersonally, I remain unconvinced that self-driving cars are a definitive societal benefit. By adopting an unproven, expensive platform, we place our lives in the hands of network-tied machines. Society becomes vulnerable to dependency on technology, disregarding that machines, like their human creators, are error-prone. Bugs, crashes, and algorithm manipulation pose risks, as evidenced by fatal self-driving Tesla accidents, highlighting that computer errors can be as deadly as human ones.\n\nThe prevailing \"technology can do no wrong\" mindset exacerbates consequences when failures occur, endangering safety and privacy on a massive scale. Recent events, such as the 2016 election season, have demonstrated the potential for technology to be leveraged for chaos. Trusting tech with high-speed, life-threatening operations is particularly questionable.\n\nFurthermore, the required technology for reliable autonomous vehicles is cost-prohibitive, with $100,000 in sensors and software added to the consumer's bill. These sensors are unlikely to function in extreme conditions like blizzards, and the software relies on error-prone GPS. This underscores that, sometimes, advanced technology cannot replace the reliability of human senses and common sense.\n\nNotably, advancements in automobile safety and road governance have significantly reduced fatalities over the last decade. Redirecting funds towards enhancing safety mechanisms, rather than reinventing the wheel with expensive, unproven self-driving cars, might yield a preferable balance where technological advancements offer road conveniences without surrendering vehicle control. ", "rating": 5}