{"source": "rev3", "topic_id": "Self-driving cars", "graph_id": "draft1_2018argrewrite_53.txt", "text_type": "text2", "text": "As society continues to advance, debates surrounding emerging technologies like self-driving cars have gained prominence, particularly in American society. While still in their developmental stage, self-driving cars present both potential benefits and drawbacks. \n\n**Advantages:**\n- **Enhanced Road Safety:** Self-driving cars can significantly reduce motor vehicle accidents due to the absence of human distractions. Sophisticated algorithms enable precise control over safe driving factors, such as stopping distances and vehicle spacing, thereby minimizing accident risks.\n- **Increased Mobility for the Disabled:** Self-driving cars offer freedom and independence to disabled individuals, who currently rely heavily on public transportation or assistance for mobility.\n\n**Disadvantages:**\n- **Prohibitive Costs:** The high implementation cost of self-driving cars makes them unaffordable for the average citizen, posing a significant barrier to widespread adoption.\n- **Impact on Existing Public Transportation:** Wide adoption of self-driving cars could negatively affect the livelihoods of taxi drivers, bus operators, and other public transportation workers.\n- **Technological Unknowns:** The novelty of self-driving cars introduces uncertainties, including potential malfunctions, repair complexities, and legal issues concerning private data, which will only be fully understood with broader deployment.\n\n**Conclusion:**\nWhile self-driving cars, if implemented correctly, could propel society forward, their current stage of development suggests more detriment than benefit. The potential to reduce accidents is overshadowed by concerns over adaptation to variable road conditions and local laws, reliability, and the inevitability of computer errors. Extensive testing is necessary to guarantee passenger safety. Until then, the numerous unknowns make self-driving cars a less beneficial option for society at this time. ", "rating": 4}