{"source": "rev3", "topic_id": "Self-driving cars", "graph_id": "draft1_2018argrewrite_58.txt", "text_type": "text1", "text": "\nThe rapid advancement of technology often sparks controversy in society, and the integration of self-driving cars is no exception. While this innovation showcases human ingenuity, several crucial questions must be addressed before its widespread adoption.\n\nThe concept of autonomous vehicles has transitioned from science fiction to reality in a remarkably short period. Now, as we witness their functionality, it's essential to weigh the pros and cons. One significant advantage is enhanced safety. An ideally designed self-driving car boasts a higher safety rating than human drivers, as computers focus solely on the road, unencumbered by distractions, fatigue, or intoxication. \n\nFurthermore, self-driving cars can optimize traffic patterns by coordinating with multiple vehicles, maintaining safe distances, and communicating road conditions through features like \"platooning.\" This could revolutionize the driving experience, potentially eliminating rush hour, reducing insurance and healthcare costs due to decreased accidents, and offering numerous benefits across the driving spectrum.\n\nHowever, several pressing concerns must be resolved before self-driving cars become street-legal. The legal and moral implications of accidents involving autonomous vehicles are complex, necessitating discussions on \"trolley problems,\" blame assignment, and public reconciliation with the inevitability of accidents. Additionally, the widespread adoption of this technology might erode human driving skills, leading to new societal challenges. The risk of hacking also poses a significant threat, as evidenced by instances of high-end cars being remotely controlled. Moreover, unresolved technological issues, such as weather functionality and GPS accuracy, could compromise the vehicles' safety and efficiency.\n\nGiven the multifaceted nature of this issue, it's prudent that fully functional autonomous vehicles are still in the developmental stage. While acknowledging the potential benefits, this writer also recognizes the need for caution. The allure of self-driving cars must be balanced against the potential loss of personal driving experiences and the reliability of classic cars. Perhaps, it's wise to reassess the technology's readiness in a decade, allowing for more comprehensive solutions to the challenges it presents. ", "rating": 5}